Name,Email
User1,user1@example.com
User2,user2@example.com
User3,user3@example.com
User4,user4@example.com
User5,user5@example.com
User6,user6@example.com
User7,user7@example.com
User8,user8@example.com
User9,user9@example.com
User10,user10@example.com
User11,user11@example.com
User12,user12@example.com
User13,user13@example.com
User14,user14@example.com
User15,user15@example.com
User16,user16@example.com
User17,user17@example.com
User18,user18@example.com
User19,user19@example.com
User20,user20@example.com
User21,user21@example.com
User22,user22@example.com
User23,user23@example.com
User24,user24@example.com
User25,user25@example.com
User26,user26@example.com
User27,user27@example.com
User28,user28@example.com
User29,user29@example.com
User30,user30@example.com
User31,user31@example.com
User32,user32@example.com
User33,user33@example.com
User34,user34@example.com
User35,user35@example.com
User36,user36@example.com
User37,user37@example.com
User38,user38@example.com
User39,user39@example.com
User40,user40@example.com
User41,user41@example.com
User42,user42@example.com
User43,user43@example.com
User44,user44@example.com
User45,user45@example.com
User46,user46@example.com
User47,user47@example.com
User48,user48@example.com
User49,user49@example.com
User50,user50@example.com
User51,user51@example.com
User52,user52@example.com
User53,user53@example.com
User54,user54@example.com
User55,user55@example.com
User56,user56@example.com
User57,user57@example.com
User58,user58@example.com
User59,user59@example.com
User60,user60@example.com
User61,user61@example.com
User62,user62@example.com
User63,user63@example.com
User64,user64@example.com
User65,user65@example.com
User66,user66@example.com
User67,user67@example.com
User68,user68@example.com
User69,user69@example.com
User70,user70@example.com
User71,user71@example.com
User72,user72@example.com
User73,user73@example.com
User74,user74@example.com
User75,user75@example.com
User76,user76@example.com
User77,user77@example.com
User78,user78@example.com
User79,user79@example.com
User80,user80@example.com
User81,user81@example.com
User82,user82@example.com
User83,user83@example.com
User84,user84@example.com
User85,user85@example.com
User86,user86@example.com
User87,user87@example.com
User88,user88@example.com
User89,user89@example.com
User90,user90@example.com
User91,user91@example.com
User92,user92@example.com
User93,user93@example.com
User94,user94@example.com
User95,user95@example.com
User96,user96@example.com
User97,user97@example.com
User98,user98@example.com
User99,user99@example.com
User100,user100@example.com
